Username,UserID,RankName,RankID,,,
gaspi12423,8656382325,Hijos del Jefe,150,,,
Roxy36166,5383219101,Hijos del Jefe,150,,,
dori_34556,8011032091,Hijos del Jefe,150,,,
Dylanyoel199,9199952004,Hijos del Jefe,150,,,
cezsr08,9227433151,Hijos del Jefe,150,,,
torivi619,9325375040,Hijos del Jefe,150,,,
BERENJENA_35,5472530152,Hijos del Jefe,150,,,
ssti_85,8198318250,Hijos del Jefe,150,,,
mateofrancisco99,5498009090,Hijos del Jefe,150,,,
MESSI91008,4177171085,Hijos del Jefe,150,,,
eduardo_m00,4423813417,Hijos del Jefe,150,,,
Sofia964113,8793952385,Hijos del Jefe,150,,,
ketin90ft,4187584454,Hijos del Jefe,150,,,
Elpapitas152_V2,8380975755,Hijos del Jefe,150,,,
mm29012y,9375060797,Hijos del Jefe,150,,,
